model,layer,comparison,rho_first,rho_other,delta_rho_observed,ci_95_low,ci_95_high,p_one_sided,p_two_sided,p_one_sided_corrected,p_two_sided_corrected,significant_ci_excludes_zero,significant_p_two_sided,n_pairs,n_bootstrap
BERTurk,7,first_vs_mean,0.5275383971276283,0.42602472036192446,0.10151367676570383,0.06051406203870245,0.14494757702531275,p < 0.000200,p < 0.000400,0.0001999600079984003,0.0003999200159968006,True,True,500,5000
BERTurk,7,first_vs_last,0.5275383971276283,0.41390070027590237,0.11363769685172592,0.06568146106327136,0.16365907576029878,p < 0.000200,p < 0.000400,0.0001999600079984003,0.0003999200159968006,True,True,500,5000
BERTurk,7,first_vs_max,0.5275383971276283,0.33765676536935146,0.18988163175827683,0.13587396682822167,0.2468301793338101,p < 0.000200,p < 0.000400,0.0001999600079984003,0.0003999200159968006,True,True,500,5000
