layer,pooling,spearman_rho,n_pairs
1,first,0.4266940148626279,500
1,last,0.33394878912681575,500
1,max,0.23272557635591606,500
1,mean,0.3252259652497119,500
7,first,0.3150506288789555,500
7,last,0.28722788417963874,500
7,max,0.2802605505670726,500
7,mean,0.3051037651814941,500
12,first,0.3560348819612285,500
12,last,0.3406451994872275,500
12,max,0.3223381707694723,500
12,mean,0.35626422097286753,500
